coluna;caso;valor;linha;classificacao;decisao;razao
satisfacao_pesquisa;valores ausentes;17 vazios (9.4%);-;;;
tempo_empresa_anos;valor atipico;11;85;;;
tempo_empresa_anos;valor atipico;12,80;55;;;
tempo_empresa_anos;valor atipico;13,40;108;;;
tempo_empresa_anos;valor atipico;15,10;75;;;
tempo_empresa_anos;valor atipico;15,70;50;;;
tempo_empresa_anos;valor atipico;16,40;111;;;
tempo_empresa_anos;valor atipico;17,30;94;;;
tempo_empresa_anos;valor atipico;17,30;124;;;
salario_mensal;valor atipico;12.573,26;77;;;
salario_mensal;valor atipico;12.586,81;179;;;
salario_mensal;valor atipico;16.797,80;75;;;
salario_mensal;valor atipico;16.844,11;94;;;
salario_mensal;valor atipico;18.843,36;64;;;
salario_mensal;valor atipico;26.000;90;;;
salario_mensal;valor atipico;28.500;7;;;
salario_mensal;valor atipico;32.000;29;;;
faltas_12m;valor atipico;17;110;;;
faltas_12m;valor atipico;18;11;;;
faltas_12m;valor atipico;18;76;;;
faltas_12m;valor atipico;19;36;;;
faltas_12m;valor atipico;22;93;;;
faltas_12m;valor atipico;25;169;;;
faltas_12m;valor atipico;31;166;;;
faltas_12m;valor atipico;32;42;;;
faltas_12m;valor atipico;33;138;;;
faltas_12m;valor atipico;34;19;;;
horas_treinamento_ano;valor atipico;75;41;;;
horas_treinamento_ano;valor atipico;88;56;;;
avaliacao_desempenho;valor atipico;1;20;;;
avaliacao_desempenho;valor atipico;1;21;;;
avaliacao_desempenho;valor atipico;1;26;;;
avaliacao_desempenho;valor atipico;1;41;;;
avaliacao_desempenho;valor atipico;1;47;;;
avaliacao_desempenho;valor atipico;1;125;;;
avaliacao_desempenho;valor atipico;1;139;;;
avaliacao_desempenho;valor atipico;1;154;;;
